<?xml version="1.0" encoding="UTF-8"?>
<project-private xmlns="http://www.netbeans.org/ns/project-private/1">
    <editor-bookmarks xmlns="http://www.netbeans.org/ns/editor-bookmarks/2" lastBookmarkId="0"/>
    <open-files xmlns="http://www.netbeans.org/ns/projectui-open-files/2">
        <group>
            <file>file:/C:/Users/pintu/Downloads/Downloads/ServletJdbc/web/index.html</file>
            <file>file:/C:/Users/pintu/Downloads/Downloads/ServletJdbc/web/menu.html</file>
            <file>file:/C:/Users/pintu/Downloads/Downloads/ServletJdbc/src/java/jdbc/Delete.java</file>
            <file>file:/C:/Users/pintu/Downloads/Downloads/ServletJdbc/src/java/jdbc/ConnDB.java</file>
            <file>file:/C:/Users/pintu/Downloads/Downloads/ServletJdbc/src/java/jdbc/LoginServlet.java</file>
            <file>file:/C:/Users/pintu/Downloads/Downloads/ServletJdbc/web/WEB-INF/web.xml</file>
        </group>
    </open-files>
</project-private>
